Model,R2 (Train),R2 (Test),MAE (Train),MAE (Test),RMSE (Train),RMSE (Test)
XGBoost,0.9999550580978394,0.9689479470252991,0.10965631157159805,2.631404161453247,0.14958019619452836,3.9693727980823685
Gradient Boosting,0.9995670794541855,0.9601996976541154,0.36891315390670115,2.9807988471848272,0.4641822989115724,4.493861882307107
Random Forest,0.9863054729935541,0.9416633312385886,1.6581483613363317,3.6686069420529175,2.610706165618781,5.440606895074012
