Model,R2 (Train),R2 (Test),MAE (Train),MAE (Test),RMSE (Train),RMSE (Test)
XGBoost,0.25174492597579956,-0.009125590324401855,15.822455406188965,8.098287582397461,21.00553167239153,11.01515333099242
Random Forest,0.9734116726507523,-2.0893758741203605,2.6233731182852247,15.854890550750376,3.9596275300001733,19.273175603363097
Gradient Boosting,0.9380321501960661,-3.1657365670205673,4.586291477903893,18.515618729841865,6.044940633468041,22.380191809727442
