Model,R2 (Train),R2 (Test),MAE (Train),MAE (Test),RMSE (Train),RMSE (Test)
Gradient Boosting,0.9978459536543548,0.9895833654686352,0.5850842591349268,0.8168274030763824,1.1496819194211676,1.075190045469648
Random Forest,0.993693607268894,0.9837229215112491,0.8974635206962672,0.9314606948210044,1.9671645359650163,1.3440324369016798
XGBoost,0.9983465671539307,0.9775704741477966,0.5811629891395569,1.1517213582992554,1.0072572346548454,1.5777267104527248
