Model,R2 (Train),R2 (Test),MAE (Train),MAE (Test),RMSE (Train),RMSE (Test)
Gradient Boosting,0.9981799012832678,0.9914559144190794,0.5589201852285257,0.7705820939725436,0.9897478575966719,1.0488562962901968
Random Forest,0.9946812727656066,0.990191028681971,0.8206894544721322,0.7888590278103149,1.6919244166215726,1.1238152653819802
XGBoost,0.9990850687026978,0.9848984479904175,0.475382924079895,0.9697317481040955,0.7017400028507368,1.394420245371387
