Model,R2 (Train),R2 (Test),MAE (Train),MAE (Test),RMSE (Train),RMSE (Test)
XGBoost,0.9999688267707825,0.9683212637901306,0.09722789376974106,2.627185106277466,0.13297180831207162,3.9337670932976603
Gradient Boosting,0.9997073195145235,0.9643123761478541,0.326501001380792,2.9369641595112506,0.4075571186221995,4.17526147164133
Random Forest,0.9885912504110281,0.9534549980449345,1.555869606006117,3.1840063387230138,2.544547859334711,4.76827602687206
