Model,R2 (Train),R2 (Test),MAE (Train),MAE (Test),RMSE (Train),RMSE (Test)
XGBoost,0.9999657869338989,0.9675635099411011,0.07901518046855927,2.295140266418457,0.10930314428469608,3.1553125783416474
Gradient Boosting,0.9997471253740784,0.9566885896014872,0.23422182091956187,2.5199215073781516,0.29728700628357846,3.6460843289067233
Random Forest,0.9755266627240672,0.9460648967870182,1.724677998297011,2.8674400212463604,2.9246230511416926,4.068752782891337
